<?xml version="1.0" encoding="UTF-8"?>
<?NLS TYPE="org.eclipse.help.toc"?>
<toc id="cdt" label="EclipseCon 2009 (541) Building Your First Debugger" topic="tutorial/overview.htm">

	<topic label="Launching"  href="tutorial/launching.htm"/>

	<topic label="Model"  href="tutorial/model.htm"/>

	<topic label="Source Lookup"  href="tutorial/source.htm"/>

	<topic label="Breakpoints"  href="tutorial/breakpoints.htm"/>

	<topic label="Variables"  href="tutorial/variables.htm"/>

	<topic label="Ping Launcher Example"  href="samples/ping/ping.htm"/>
	
	<topic label="Counter Debugger Example"  href="samples/counter/counter.htm"/>
	
	<topic label="PDA Debugger Example"  href="samples/pda/pda.htm"/>

	<topic label="Legal" href="notices.html"/>
</toc>
