<?xml version="1.0" encoding="UTF-8"?>
<site>
   <feature url="features/org.eclipse.sdk.samples_3.3.0.jar" id="org.eclipse.sdk.samples" version="3.3.0">
      <category name="org.eclipse.debug.examples.tutorial.2009"/>
   </feature>
   <feature url="features/org.eclipse.debug.examples_1.0.0.jar" id="org.eclipse.debug.examples" version="1.0.0">
      <category name="org.eclipse.debug.examples.tutorial.2009"/>
   </feature>
   <category-def name="org.eclipse.debug.examples.tutorial.2009" label="Tutorial 541: Building Your First Debugger">
      <description>
         Documentation and sample plug-ins for EclipseCon 2009 Debug Tutorial  - Building Your First Debugger
      </description>
   </category-def>
</site>
