<?xml version="1.0" encoding="UTF-8"?>
<feature
	  id="org.eclipse.team.extras"
      label="%featureName"
      version="3.1.100.v20061012-7K3CF1UE77UABAS"
      image= "eclipse_update_120.jpg"
      provider-name="%providerName">
      
   <description>
      %description
   </description>
   
   <copyright>
      %copyright
   </copyright>
   
   <license url="%licenseURL">
     %license
   </license>

   <url>
      <update
         url="http://update.eclipse.org/updates/3.3"
         label="%updateSiteName">
      </update>
   </url>

   <plugin id="org.eclipse.team.extras" version="3.1.0"/>
   <plugin id="org.eclipse.ftp" version="1.0.0"/>
   <plugin id="org.eclipse.target" version="1.0.0"/>
   <plugin id="org.eclipse.target.ide" version="1.0.0"/>
   <plugin id="org.eclipse.target.ftp" version="1.0.0"/>
   <plugin id="org.eclipse.target.iofile" version="1.0.0"/>
   <plugin id="org.eclipse.target.webdav" version="1.0.0"/>
   <plugin id="org.eclipse.team.target" version="1.0.0"/>
   <plugin id="org.eclipse.team.ftp" version="3.1.100.I20061218"/>
   <plugin id="org.eclipse.team.webdav" version="3.1.100.I20061218"/>
   <plugin id="org.eclipse.webdav" version="3.0.101.v20061114"/>
   <plugin id="org.eclipse.team.extras.source" version="3.1.100.v20061012"/>
   
</feature>
