<?xml version="1.0"?>
<!-- ======================================================================
 	 Copyright (c) 2005, 2009 IBM Corporation and others.\
 	 All rights reserved. This program and the accompanying materials 
 	 are made available under the terms of the Eclipse Public License v1.0
 	 which accompanies this distribution, and is available at
 	 http://www.eclipse.org/legal/epl-v10.html
 
 	 Contributors:
    	 IBM Corporation - initial API and implementation

     EclipseCon    
     Debug Tutorial Exercises
     ====================================================================== -->
<project name="EclipseCon" default="generateAll">
	<description>
            Ping and Counter Samples
    </description>

	<taskdef name="preprocess" classname="org.eclipse.debug.examples.ant.tasks.PreProcessor" classpath="../bin" />
	<property name="destBase" location="c:\temp\example" />
	<property name="workspace" location="c:\eclipse-dev\dev-3.5" />
	<property name="pingSource" location="${workspace}\org.eclipse.debug.examples.ping" />
	<property name="countSource" location="${workspace}\org.eclipse.debug.examples.counter" />

	<!-- ================================= 
          target: generateAll              
         ================================= -->
	<target name="generateAll" description="--> Ping and Counter Exercises">
		
    <!-- = = = = = = = = = = = = = = = = =
          macrodef: process          
         = = = = = = = = = = = = = = = = = -->
    <macrodef name="process">
        <attribute name="destdir"/>
    	<attribute name="symbols"/>
        <sequential>
            <delete dir="@{destdir}"/>
        	<mkdir dir="@{destdir}\org.eclipse.debug.examples.ping"/>
        	<mkdir dir="@{destdir}\org.eclipse.debug.examples.counter"/>
        	<preprocess destdir="@{destdir}\org.eclipse.debug.examples.ping" symbols="@{symbols}">
        		<fileset dir="${pingSource}">
        			<exclude name="**/*.class"/>
        			<exclude name="**/PreProcessor.java"/>
        		</fileset>
        	</preprocess>
        	<preprocess destdir="@{destdir}\org.eclipse.debug.examples.counter" symbols="@{symbols}">
        		<fileset dir="${countSource}">
        			<exclude name="**/*.class"/>
        		</fileset>
        	</preprocess>
        </sequential>
    </macrodef>

	<process destdir="${destBase}\exercises" symbols="ex_ec2009"/>
	</target>

</project>

