<?xml version="1.0" encoding="UTF-8"?>
<project name="Custom tasks jar" default="build" basedir="..">

	<target name="build" description="Removes all build artifacts, recreates the support jar, and refreshes this plugin's resources" depends="clean, lib/antTasks.jar"/>

	<target name="init" depends="properties">
		<property name="temp.folder" value="${basedir}/temp.folder"/>
		<property name="plugin.destination" value="${basedir}"/>
		<property name="build.result.folder" value="${basedir}"/>
	</target>

	<target name="properties" if="eclipse.running">
		<property name="build.compiler" value="org.eclipse.jdt.core.JDTCompilerAdapter"/>
	</target>

	<path id="sourcePath">
		<pathelement location="Ant Tasks/"/>
	</path>
	
	<target name="lib/antTasks.jar" depends="init" description= "Builds the custom tasks JAR">
		<property name="destdir" value="${temp.folder}/lib/antTasks.jar.bin"/>
		<delete dir="${temp.folder}/lib/antTasks.jar.bin"/>
		<mkdir dir="${temp.folder}/lib/antTasks.jar.bin"/>
		<!-- compile the source code -->
		<javac target="1.1" destdir="${temp.folder}/lib/antTasks.jar.bin" failonerror="false" verbose="false" debug="on" includeAntRuntime="yes">
			<src refid="sourcePath"/>
		</javac>
		<mkdir dir="${build.result.folder}/lib"/>
		<jar destfile="${build.result.folder}/lib/antTasks.jar" basedir="${temp.folder}/lib/antTasks.jar.bin"/>
		<delete dir="${temp.folder}"/>
	</target>

	<target name="clean" depends="init">
		<delete file="${build.result.folder}/lib/antTasks.jar"/>
		<delete dir="${temp.folder}"/>
	</target>
</project>
