<?xml version="1.0"?>
<!-- ====================================================================== 
     Jan 26, 2005 10:25:37 AM                                                        

     Demo Project    
     Hey
                   
     webuser                                                                
     ====================================================================== -->
<project name="Demo Project" default="all">
    <description>
            Hey
    </description>

    <!-- ================================= 
          target: all              
         ================================= -->
    <target name="all" depends="depends, depends2" description="--> Hey">
    	<property name="echoMessage" value="Really does nothing"/>

        <echo>${echoMessage}</echo>
    </target>

    <!-- - - - - - - - - - - - - - - - - - 
          target: depends                      
         - - - - - - - - - - - - - - - - - -->
    <target name="depends">
    </target>
    <target name="depends2">
    </target>

</project>

