<?xml version="1.0" encoding="utf-8" ?>
<introContent>
  	<extensionContent id="ec2009_541-introExtension" style="css/tutorials.css" 
  	                  alt-style="tutorials.properties"
  	                  name="EclipseCon 2009 (541) Building Your First Debugger" path="tutorials/@">
		<group style-id="content-group" label="EclipseCon 2009" id="ec2009_541-introLink-group">
       		<link label="EclipseCon 2009 (541) Building Your First Debugger" 
       		      url="http://org.eclipse.ui.intro/showHelpTopic?id=/org.eclipse.debug.doc.ec_2009_541/tutorial/overview.htm"  
       		      id="ec2009_541-introLink" 
       		      style-id="content-link">
          		<text>
In this tutorial we’ll build a simple integrated debugger to illustrate the fundamental frameworks and concepts in the 
debug platform. Topics include the standard debug model, launching, source lookup, and breakpoints. Attendees will 
work through related exercises to end up with a simple working debugger. Although the tutorial focuses on the basic 
concepts provided by the debug platform, we briefly describe the many extensible features available to build highly 
customized tightly integrated debuggers in the Eclipse SDK.          		
          		</text></link>
       	</group>
  	</extensionContent>
</introContent>
