<?xml version="1.0" encoding="utf-8" ?>
<introContent>
  	<extensionContent id="ec2009_541-introExtension" style="css/samples.css" 
  	                  alt-style="samples.properties"
  	                  name="EclipseCon 2009 Building Your First Debugger (541)" 
  	                  path="samples/@">
		<group style-id="content-group"
		       label="EclipseCon 2009 Building Your First Debugger (541)" 
		       id="ec2009_541-introLink-group">
		    <text>
Code examples that are used in this tutorial.
</text>		    
       		<link label="Ping" 
       		      url="http://org.eclipse.ui.intro/runAction?pluginId=org.eclipse.pde.ui&amp;class=org.eclipse.pde.internal.ui.samples.ShowSampleAction&amp;id=org.eclipse.debug.doc.ec2009_541.ping"  
       		      id="ec2009_541-ping" 
       		      style-id="content-link">
          		<text>A simple example of using the launch framework to execute the ping command.
          		</text></link>
       		<link label="Counter" 
       		      url="http://org.eclipse.ui.intro/runAction?pluginId=org.eclipse.pde.ui&amp;class=org.eclipse.pde.internal.ui.samples.ShowSampleAction&amp;id=org.eclipse.debug.doc.ec2009_541.counter"  
       		      id="ec2009_541-counter" 
       		      style-id="content-link">
          		<text>A simple example the standard debug model interfaces' implementation.
          		</text></link>
       		<link label="Push Down Automata (PDA)" 
       		      url="http://org.eclipse.ui.intro/runAction?pluginId=org.eclipse.pde.ui&amp;class=org.eclipse.pde.internal.ui.samples.ShowSampleAction&amp;id=org.eclipse.debug.doc.ec2009_541.pda"  
       		      id="ec2009_541-pda" 
       		      style-id="content-link">
          		<text>A full featured example debugger based on a Push Down Automata interpreter.
          		</text></link>
       	</group>
  	</extensionContent>
 

</introContent>
